{
  "name": "BitSong Blockchain Music Player",
  "short_name": "BitSong Blockchain Music Player",
  "description": "BitSong Blockchain Music Player allows you to interact with media files.",
  "icons": [
    {
      "src": "/nuxt/icons/icon_64x64.26b82d.png",
      "sizes": "64x64",
      "type": "image/png",
      "purpose": "any maskable"
    },
    {
      "src": "/nuxt/icons/icon_120x120.26b82d.png",
      "sizes": "120x120",
      "type": "image/png",
      "purpose": "any maskable"
    },
    {
      "src": "/nuxt/icons/icon_144x144.26b82d.png",
      "sizes": "144x144",
      "type": "image/png",
      "purpose": "any maskable"
    },
    {
      "src": "/nuxt/icons/icon_152x152.26b82d.png",
      "sizes": "152x152",
      "type": "image/png",
      "purpose": "any maskable"
    },
    {
      "src": "/nuxt/icons/icon_192x192.26b82d.png",
      "sizes": "192x192",
      "type": "image/png",
      "purpose": "any maskable"
    },
    {
      "src": "/nuxt/icons/icon_384x384.26b82d.png",
      "sizes": "384x384",
      "type": "image/png",
      "purpose": "any maskable"
    },
    {
      "src": "/nuxt/icons/icon_512x512.26b82d.png",
      "sizes": "512x512",
      "type": "image/png",
      "purpose": "any maskable"
    }
  ],
  "start_url": "/",
  "display": "standalone",
  "background_color": "#000000",
  "theme_color": "#000000",
  "lang": "en"
}